1200013;1120
1200054;1570
1200104;1058
1200138;1007
1200179;1015
1200203;1074
1200252;1112
1200302;1139
1200328;1104
1200344;1554
1200351;1040
1200336;1090
1200385;1511
1200807;1023
1200393;1066
1200401;1392
1200427;1082
1200435;1031
1200500;1457
1200450;1538
1200609;1473
1200708;1490
2700201;27030
2700300;27057
2700409;27073
2700508;27090
2700607;27111
2700706;27138
2700904;27170
2700805;27154
2701001;27197
2701100;27219
2701209;27235
2701308;27251
2701357;27081
2701407;27278
2701506;27294
2701605;27316
2701704;27332
2701803;27359
2701902;27375
2702009;27391
2702108;27413
2702207;27430
2702306;27456
2702355;28894
2702405;27472
2702504;27499
2702553;27049
2702603;27510
2702702;27537
2702801;27553
2702900;27570
2703007;27596
2703106;27618
2703205;27634
2703304;27650
2703403;27677
2703502;27693
2703601;27715
2703700;27731
2703759;27065
2703809;27758
2703908;27774
2704005;27790
2704104;27812
2704203;27839
2704302;27855
2704401;27871
2704906;27979
2704500;27898
2704609;27910
2704708;27936
2704807;27952
2705002;27995
2705101;28010
2705200;28037
2705309;28053
2705408;28070
2705507;28096
2705606;28118
2705705;28134
2705804;28150
2705903;28177
2706000;28193
2706109;28215
2706208;28231
2706307;28258
2706422;27022
2706448;27006
2706505;28290
2706604;28312
2706703;28339
2706802;28355
2706901;28371
2707008;28398
2707107;28410
2707305;28452
2707404;28479
2707503;28495
2707206;28436
2706406;28274
2707602;28517
2707701;28533
2707800;28550
2707909;28576
2708006;28592
2708105;28614
2708907;28770
2708956;28916
2708204;28630
2708303;28657
2708402;28673
2708501;28690
2708600;28711
2708709;28738
2708808;28754
2709004;28797
2709103;28819
2709152;28932
2709202;28835
2709301;28851
2709400;28878
2700102;27014
1600105;6017
1600204;6033
1600212;6068
1600238;6114
1600253;6041
1600279;6130
1600303;6050
1600402;6076
1600501;6092
1600535;6025
1600550;6009
1600600;6157
1600055;6106
1600709;6173
1600808;6122
1600154;6084
1300029;2895
1300060;2917
1300086;2933
1300102;2038
1300144;2003
1300201;2054
1300300;2070
1300409;2097
1300508;2119
1300607;2135
1300631;2950
1300680;2976
1300706;2151
1300805;2178
1300839;2992
1300904;2194
1301001;2216
1301100;2232
1301159;2046
1301209;2259
1301308;2275
1301407;2291
1301506;2313
1301605;2330
1301654;2020
1301704;2356
1301803;2399
1301852;98353
1301902;2410
1301951;98370
1302009;2437
1302108;2453
1302207;2470
1302306;2496
1302405;2518
1302504;2534
1302553;98396
1302603;2550
1302702;2577
1302801;2593
1302900;2615
1303007;2631
1303106;2658
1303205;2011
1303304;2674
1303403;2690
1303502;2712
1303536;98418
1303569;98434
1303601;2372
1303700;2739
1304005;2771
1303809;2836
1303908;2755
1303957;98450
1304062;98477
1304104;2798
1304203;2810
1304237;98515
1304260;98493
1304302;2852
1304401;2879
2900207;33030
2900108;33014
2900306;33057
2900355;33065
2900603;33111
2900702;33138
2900801;33154
2900900;33170
2901007;33197
2901106;33219
2901155;30716
2901205;33235
2901304;33251
2901353;33260
2901403;33278
2901502;33294
2901601;33316
2901700;33332
2901809;33359
2901908;33375
2901957;33405
2902005;33391
2902104;33413
2902203;33430
2902252;30732
2902302;33456
2902054;33383
2902401;33472
2902500;33499
2902609;33510
2902658;33529
2902708;33537
2902807;33553
2902906;33570
2903003;33596
2903102;33618
2903201;33634
2903235;30759
290330;33650
2903276;30775
2903409;33677
2903508;33693
2903607;33715
2903706;33731
2903805;33758
2903904;33774
2903953;33782
2904001;33790
2904050;33804
2904100;33812
2904209;33839
2904407;33871
2904308;33855
2904506;33898
2904605;33910
2904704;33936
2904753;30791
2904803;33952
2904852;33960
2904902;33979
2905008;33995
290510;34010
2905156;34029
2905206;34037
2905305;34053
2905404;34070
2905503;34096
2905602;34118
2905800;34150
2905701;34134
2905909;34177
2906006;34193
2906204;34231
2906303;34258
2906402;34274
2906501;34290
2906600;34312
2906808;34355
2906824;30856
2906105;34215
2906857;30813
2906873;30830
2906907;34371
2906899;34363
2907004;34398
2907103;34410
2907202;34436
2907301;34452
2907400;34479
2907509;34495
2907558;34509
2907608;34517
2907707;34533
2907905;34576
2908002;34592
2908101;34614
2908200;34630
2908309;34657
2908408;34673
2908507;34690
2908606;34711
2908705;34738
2908804;34754
2908903;34770
2909000;34797
2909109;34819
2909208;34835
2909307;34851
2909406;34878
2909505;34894
2909703;34932
2909604;34916
2909802;34959
2909901;34975
2906709;34339
2907806;34550
2910057;30872
2910107;35017
2910206;35033
2910008;34991
2910305;35050
2910404;35076
2910503;35092
2910602;35114
2910701;35130
2910727;30058
2910776;35149
2910800;35157
2910859;30910
2910909;35173
2911006;35190
2911105;35211
2910750;30899
2911204;35238
2911253;30937
2911303;35254
2911402;35270
2911501;35297
2911600;35319
2911659;30953
2911709;35335
2911808;35351
2911857;30970
2911907;35378
2912004;35394
2912103;35416
2912202;35432
2912301;35459
2912400;35475
2912509;35513
2912608;35530
2912707;35556
2912806;35572
2912905;35599
2913002;35610
2913101;35637
2913200;35653
2913309;35670
2913408;35696
2913457;35700
2913507;35718
2913606;35734
2913705;35750
2913804;35777
2913903;35793
2914000;35815
2914109;35831
2914208;35858
2914307;35874
2914406;35890
2914505;35912
2914604;35939
2914653;35947
2914703;35955
2914802;35971
2914901;35998
2915007;36013
2915106;36030
2915205;36056
2915304;36072
2915353;36080
2915403;36099
2915502;36110
2915601;36137
2915700;36153
2915809;36170
2915908;36196
2916005;36218
2916104;36234
2916302;36277
2916401;36293
2916500;36315
2916609;36331
2916203;36250
2916708;36358
2916807;36374
2916856;36382
2916906;36390
2917003;36412
2917102;36439
2917201;36455
2917300;36471
2917334;30660
2917359;30678
2917409;36498
2917508;36510
2917607;36536
2917706;36552
2917805;36579
2917904;36595
2918001;36617
2918100;36633
2918209;36650
2918308;36676
2918357;30996
2918407;36692
2918456;36706
2918506;36714
2918555;30694
2918605;36730
2918704;36757
2918753;36765
2918803;36773
2919009;36811
2919058;36820
2918902;36790
2919108;36838
2919157;39730
2919207;36854
2919306;36870
2919405;36897
291950;36919
2919553;30007
2919603;36935
2919702;36951
2919801;36978
2919900;36994
2919926;39748
2919959;39756
2920007;37010
2920106;37036
2920205;37052
2920304;37079
2920403;37095
2920452;39772
2920502;37117
2920601;37133
2920700;37150
2920809;37176
2920908;37192
2921005;37214
2921054;37222
2921104;37230
2921203;37257
2921302;37273
2921401;37290
2921450;37303
2921500;37311
2921609;37338
2921708;37354
2921807;37370
2921906;37397
2922003;37419
2922052;37427
2922102;37435
2922201;37451
2922250;37460
2922300;37478
2922409;37494
2922508;37516
2922607;37532
2922656;39799
2922706;37559
2922730;37567
2922755;39969
2922805;37575
2922854;37583
2922904;37591
2923001;37613
2923035;39942
2923050;37621
2923100;37630
2923209;37656
2923308;37672
2923357;37680
2923407;37699
2923506;37710
2923605;37737
2923704;37753
2923803;37770
2923902;37796
2924009;37818
2924207;37850
2924108;37834
2924306;37877
2924405;37893
2924603;37931
2924652;39837
2924678;37940
2924702;37958
2924801;37974
2924900;37990
2925006;38016
2925204;38059
2925253;38067
2925303;38075
2925402;38091
2925105;38032
2925501;38113
2925600;38130
2925709;38156
2925758;38164
2924058;39810
2925808;38172
2925907;38199
2925931;39845
2925956;39853
2926004;38210
2926103;38237
2926400;38296
2926202;38253
2926301;38270
2926509;38318
2926608;38334
2926657;38342
2926707;38350
2926806;38377
2926905;38393
2927002;38415
2927101;38431
2927200;38458
2927309;38474
2927408;38490
2927606;38539
2927507;38512
2927705;38555
2927804;38571
2927903;38598
2928059;39870
2928109;38636
2928406;35491
2928505;38695
2928000;38610
2928208;38652
2928307;38679
2928604;38717
2928703;38733
2928802;38750
2929602;38911
2929750;38946
2929800;38954
2929909;38970
2930006;38997
2930105;39012
2930204;39039
2930154;39047
2930303;39055
2930402;39071
2930501;39098
2930600;39110
2930709;39136
2930774;39985
2930808;39152
2929701;38938
2928901;38776
2928950;38806
2929107;38814
2929206;38830
2929008;38792
2929057;38822
2929255;39896
2929305;38857
2929354;39926
2929370;38865
2929404;38873
2929503;38890
2930758;39144
2930766;39900
2930907;39179
2931004;39195
2931053;39918
2931103;39217
2931202;39233
2931301;39250
2931350;39934
2931400;39276
2931509;39292
2931608;39314
2931707;39330
2931806;39357
2931905;39373
2932002;39390
2932200;39438
2932309;39454
2932101;39411
2932408;39470
2932457;39489
2932507;39497
2932606;39519
2932705;39535
2932804;39551
2933000;39594
2932903;39578
2933174;39624
2933208;39632
2933257;39640
2933307;39659
2933059;39977
2933109;39616
2933158;39950
2933406;39675
2933455;39993
2933505;39691
2933604;39713
2900405;33073
2300101;13013
2300150;13145
2300200;13030
2300309;13056
2300408;13072
2300507;13099
2300606;13110
2300705;13137
2300754;15873
2300804;13153
2300903;13170
2301000;13196
2301109;13218
2301208;13234
2301257;13420
2301307;13250
2301406;13277
2301505;13293
2301604;13315
2301703;13331
2301802;13358
2301851;13382
2301901;13374
2301950;13129
2302008;13390
2302057;13404
2302107;13412
2302206;13439
2302305;13455
2302404;13471
2302503;13498
2302602;13510
2302701;13536
2302800;13552
2302909;13579
2303006;13595
2303204;13633
2303105;13617
2303303;13650
2303402;13676
2303501;13692
2303600;13714
2303659;13447
2303709;13730
2303808;13757
2303907;13773
2303956;13161
2303931;13463
2304004;13811
2304103;13838
2304202;13854
2304236;15881
2304251;15890
2304269;15989
2304277;13200
2304285;13226
2304301;13870
2304350;15911
2304400;13897
2304459;13501
2304509;13919
2304608;13935
2304707;13951
2304806;13978
2304657;13064
2304905;13994
2304954;13242
2305001;14010
2305100;14036
2305209;14052
2305233;13188
2305266;14060
2305308;14079
2305332;15920
2305357;15938
2305407;14095
2305506;14117
2305605;14133
2305654;13340
2305704;14150
2305803;14176
2305902;14192
2306009;14214
2306108;14230
2306256;13480
2306207;14257
2306306;14273
2306405;14290
2306504;14311
2306553;15954
2306603;14338
2306702;14354
2306801;14370
2306900;14397
2307007;14419
2307106;14435
2307205;14451
2307254;13005
2307304;14478
2307403;14494
2307502;14516
2307601;14532
2307635;13021
2307650;15857
2307700;14559
2307809;14575
2307908;14591
2308005;14613
2308104;14630
2308203;14656
2308302;14672
2308351;15970
2308377;14680
2308401;14699
2308500;14710
2308609;14737
2308708;14753
2308807;14770
2308906;14796
2309003;14818
2309102;14834
2309201;14850
2309300;14877
2309409;14893
2309458;13307
2309508;14915
2309607;14931
2309706;14958
2309805;14974
2309904;14990
2310001;15016
2310100;15032
2310209;15059
2310258;15997
2310308;15075
2310407;15091
2310506;15113
2310605;15130
2310704;15156
2310803;15172
2310852;13285
2310902;15199
2310951;13048
2311009;15210
2311108;15237
2311207;15253
2311231;13269
2311264;13102
2311306;15270
2311355;98531
2311405;15296
2311504;15318
2311603;15334
2311702;15350
2311801;15377
2311900;15393
2311959;15440
2312205;15458
2312007;15415
2312106;15431
2312700;15555
2312809;15571
2312908;15598
2313005;15610
2312304;15474
2312403;15490
2312502;15512
2312601;15539
2313104;15636
2313203;15652
2313252;13366
2313302;15679
2313351;13323
2313401;15695
2313500;15717
2313559;13080
2313609;15733
2313708;15750
2313757;98558
2313807;15776
2313906;15792
2313955;98574
2314102;15830
2314003;15814
3200102;56014
3200201;56030
3200300;56057
3200359;56065
3200409;56073
3200508;56090
3200607;56111
3200706;56138
3200805;56154
3200904;56170
3201001;56197
3201100;56219
3201159;56146
3201209;56235
3201308;56251
3201407;56278
3201506;56294
3201605;56316
3201704;56332
3201803;56359
3201902;56375
3202009;56391
3202108;56413
3202207;56430
3202256;56308
3202405;56472
3202306;56456
3202454;57096
3202504;56499
3202553;56502
3202603;56510
3202652;56049
3202702;56537
3202801;56553
3202900;56570
3203007;56596
3203056;57134
3203106;56618
3203130;56626
3203163;57916
3203205;56634
3203304;56650
3203320;56120
3203346;56103
3203353;57070
3203403;56677
3203502;56693
3203601;56715
3203700;56731
3203809;56758
3203908;56774
3204005;56790
3204054;57150
3204104;56812
3204203;56839
3204252;56200
3204302;56855
3204351;57118
3204401;56871
3204500;56898
3204559;57932
3204609;56910
3205002;56995
3205010;56189
3204658;56006
3204708;56936
3204807;56952
3204906;56979
3204955;56162
3205036;57959
3205069;57975
3205101;57010
3205150;56081
3205176;56227
3205200;57037
3205309;57053
3200169;56022
3200136;57991
5200050;93360
5200100;92010
5200134;96458
5200159;96911
5200308;92053
5200506;92096
5200555;92940
5200605;92118
5200803;92150
5200829;93386
5200852;96610
5200902;92177
5201207;92231
5201306;92258
5201108;92215
5201405;92274
5201454;93009
5201504;92290
5201702;92339
5201801;92355
5202155;96695
5201603;92312
5202353;96717
5202502;92495
5202601;92517
5202809;92550
5203104;92614
5203203;92630
5203302;92657
5203401;92673
5203500;92690
5203559;92029
5203575;93408
5203609;92711
5203807;92754
5203906;92770
5203939;93106
5203962;93262
5204003;92797
5204102;92819
5204201;92835
5204250;96733
5204409;92878
5204508;92894
5204557;93122
5204607;92916
5204656;96873
5204706;92932
5204805;92959
5204854;93580
5204904;92975
5204953;92061
5205000;92991
5205059;92967
5205109;93017
5205208;93033
5205307;93050
5204300;92851
5205406;93076
5205455;92100
5205471;92924
5205497;93025
5205513;92886
5205521;92126
5205901;93190
5205802;93173
5206206;93254
5206305;93270
5206404;93297
5206503;93319
5206602;93335
5205703;93157
5206701;93351
5206800;93378
5206909;93394
5207105;93432
5208301;93092
5207253;96750
5207352;92207
5207402;93491
5207501;93513
5207535;92223
5207600;93530
5207808;93572
5207907;93599
5208004;93610
5208103;93637
5208152;93564
5208509;93696
5208806;93750
5208400;93670
5208608;93718
5209101;93793
5208905;93777
5208707;93734
5209150;92266
5209200;93815
5209408;93831
5209291;93149
5209457;92860
5209606;93874
5209804;93912
5209705;93890
5209903;93939
5209937;93165
5209952;96814
5210000;93955
5210109;93971
5210158;93548
5210208;93998
5210307;94013
5210406;94030
5210562;92282
5210604;94072
5210802;94110
5210901;94137
5211008;94153
5211206;94196
5211305;94218
5211404;94234
5211503;94250
5211602;94277
5211701;94293
5211800;94315
5211909;94331
5212006;94358
5212055;92983
5212105;94374
5212204;94390
5212253;93602
5212303;94439
5212501;94455
5212600;94471
5212709;94498
5212808;94510
5212907;94536
5212956;92320
5213004;94579
5213053;92347
5213087;96474
5213103;94595
5213400;94650
5213509;94676
5213707;94714
5213756;92363
5213772;93181
5213806;94730
5213855;92169
5213905;94757
5214002;94773
5214051;96512
5214101;94790
5214408;94854
5214507;94870
5214606;94897
5214705;94919
5214804;94935
5214838;96539
5214861;96555
5214879;93084
5214903;94951
5215009;94978
5215207;95010
5215231;93327
5215256;92444
5215306;95036
5215405;95052
5215504;95079
5215603;95095
5215652;92460
5215702;95117
5215801;95133
5215900;95150
5216007;95176
5216304;94552
5216403;95230
5216452;93068
5216809;95311
5216908;95354
5217104;95397
5217203;95419
5217302;95435
5217401;95451
5217609;95958
5217708;95494
5218003;95559
5218052;93424
5218102;95575
5218300;95613
5218391;93041
5218508;95630
5218607;95656
5218706;95672
5218789;92827
5218805;95710
5218904;95737
5219001;95753
5219100;95770
5219209;95796
5219258;92568
5219308;95818
5219357;96890
5219407;95834
5219456;93440
5219506;95850
5219605;95877
5219704;95893
5219712;93203
5219738;92908
5219753;96776
5220454;92703
5220504;96075
5220603;96091
5220686;92720
5219803;95915
5219902;95931
5220009;95974
5220058;92622
5220157;92649
5220108;95990
5220207;96016
5220264;92665
5220280;93483
5220405;96059
5220702;96113
5221007;96172
5221080;92762
5221197;93220
5221403;96253
5221452;92789
5221304;96237
5221551;92800
5221502;96318
5221577;93246
5221700;96350
5221601;96334
5221809;96377
5221858;93300
5221908;96393
5222005;96415
5222054;96571
5222203;93289
5222302;93505
5200175;96938
5200209;92037
5200258;93343
2100105;7013
2100204;7030
2100303;7056
2100402;7072
2100436;7021
2100477;7048
2100501;7099
2100550;7080
2100600;7110
2100709;7137
2100808;7153
2100832;7064
2100873;7102
2100907;7170
2100956;9679
2101004;7196
2101103;7218
2100055;9610
2101202;7234
2101251;7129
2101301;7250
2101350;7145
2101400;7277
2101608;7315
2101707;7331
2101509;7293
2101772;7188
2101731;7161
2101806;7358
2101905;7374
2101939;7200
2101970;7323
2102002;9555
2102036;7269
2102077;7285
2102101;7390
2102150;7307
2102200;7412
2102309;7439
2102325;7340
2102358;7366
2102374;7226
2102408;7455
2102507;7471
2102556;7382
2102705;7510
2102754;7404
2102804;7536
2102903;7552
2103000;7579
2103109;7595
2103125;7420
2103158;7447
2103174;7463
2103208;7617
2103257;7480
2103307;7633
2103406;7650
2103505;7676
2103554;7501
2103604;7692
2103703;7714
2102606;7498
2103752;7242
2103802;7730
2103901;7757
2104008;7773
2104057;9636
2104073;7528
2104081;7544
2104099;7560
2104107;7790
2104206;7811
2104305;7838
2104404;7854
2104503;7870
2104552;7609
2104602;7897
2104628;7625
2104651;7641
2104677;7668
2104800;7935
2104701;7919
2104909;7951
2105005;7978
2105104;7994
2105153;7684
2105203;8010
2105302;8036
2105351;7706
2105401;8079
2105427;7722
2105450;7749
2105476;7765
2105609;8117
2105500;8095
2105658;7781
2105708;8133
2105807;8150
2105948;7803
2105906;8176
2105922;7820
2105963;7846
2105989;7862
2106003;8192
2106102;8214
2106201;8230
2106300;8257
2106326;7889
2106359;7900
2106375;7927
2106409;8273
2106508;8290
2106607;8311
2106631;7943
2106672;7960
2106706;8338
2106755;9695
2106805;8354
2107001;8397
2106904;8370
2107100;8419
2107209;8435
2107258;7986
2107308;8451
2107357;8001
2107407;8478
2107456;8028
2107605;8516
2107704;8532
2107803;8559
2107902;8575
2108009;8591
2108058;8044
2108108;9598
2107506;8494
2108207;8613
2108256;8060
2108306;8630
2108405;8656
2108454;8087
2108504;8672
2108603;8699
2108702;8710
2108801;8737
2109007;8770
2109056;8109
2108900;8753
2109106;8796
2109205;8818
2109239;8125
2109270;8141
2109304;8834
2109403;8850
2109452;8168
2109502;8877
2109551;8184
2109601;8915
2109700;8931
2109759;8206
2109809;8958
2109908;9571
2110005;8974
2110039;9652
2110104;8990
2110203;9016
2110237;8222
2110278;8249
2110302;9032
2111722;8460
2111748;8486
2111763;8508
2111789;8524
2111904;9318
2111953;8540
2110401;9059
2110500;9075
2110609;9091
2110658;8265
2110708;9113
2110856;8281
2110906;9156
2110807;9130
2111201;8893
2111250;8362
2111003;9172
2111029;8303
2111052;8320
2111078;8346
2111102;9199
2111300;9210
2111409;8052
2111508;9237
2111532;8389
2111573;8400
2111607;9253
2111631;8427
2111672;8443
2111706;9270
2111805;9296
2112001;9334
2112100;9350
2112209;9377
2112233;8567
2112274;8583
2112308;9393
2112407;9415
2112456;8605
2112506;9431
2112605;9458
2112704;9474
2112803;9490
2112852;8621
2113009;9539
2112902;9512
2114007;9717
2100154;7005
5100102;90018
5100250;89877
5100300;90050
5100359;90042
5100409;90077
5100508;90093
5100607;98612
5100805;90263
5101001;98639
5101209;90239
5101258;89893
5101308;90255
5101407;90271
5101704;90336
5101803;90352
5101605;90310
5101852;90905
5101902;90468
5102603;98655
5102637;90484
5102678;90506
5102686;90743
5102694;90085
5102702;91936
5102793;90760
5102850;90549
5103007;90590
5103056;90522
5103106;98671
5103254;89788
5103205;89796
5103304;99015
5103353;90280
5103361;91006
5103379;90425
5103403;90670
5103437;89800
5102504;90476
5103452;98337
5103502;90697
5103601;90719
5103700;90786
5103809;99031
5103858;90824
5103908;90778
5103957;90204
5104104;99058
5104203;90832
5104500;99074
5104559;98698
5104609;90913
5104807;90956
5104906;90565
5105002;89915
5105101;98191
5105176;90581
5105200;91898
5105150;98310
5105234;90301
5105259;90603
5105309;91057
5105580;98710
5105606;90620
5105622;91774
5105903;91170
5106000;91197
5106109;91219
5106158;90387
5106208;89818
5106216;98752
5108808;90140
5106182;90867
5108857;90166
5108907;90123
5108956;90360
5106224;90646
5106174;90964
5106232;98736
5106190;89826
5106240;90883
5106257;91952
5106273;98795
5106265;90808
5106315;90948
5106281;98779
5106307;89834
5106299;98833
5106372;91812
5106422;98817
5106455;90344
5106505;91294
5106653;90700
5106703;91332
5106752;89990
5106778;98850
5106802;91359
5106828;98876
5106851;90182
5107008;91391
5107040;98892
5107065;90069
5107156;98914
5107180;90662
5107198;90441
5107206;89958
5107578;89960
5107602;91510
5107701;91537
5107750;89974
5107248;90107
5107743;90980
5107768;91049
5107776;91979
5107263;90328
5107792;89843
5107800;91553
5107875;90727
5107883;90921
5107909;89850
5107925;98930
5107859;91839
5107297;90026
5107305;91995
5107354;90247
5107404;90409
5107941;90220
5107958;91855
5108006;90689
5108055;98957
5108105;91618
5108204;91634
5108303;90840
5108352;91022
5108501;98973
5105507;91090
5108600;98990
5108402;91677
5100201;91910
5000252;55018
5000609;90115
5000708;90131
5000807;90158
5000856;91693
5000906;90174
5001003;90190
5001102;90212
5001243;91715
5001508;90298
5001904;90379
5002001;90395
5002100;90417
5002159;98019
5002209;90433
5002308;90450
5002407;90557
5002605;90492
5002704;90514
5002803;90530
5002902;90573
5002951;91782
5003108;90611
5003157;98590
5003207;90638
5003256;98035
5003306;90654
5003454;91758
5003488;91804
5003504;98051
5003702;90735
5003751;91731
5003801;90751
5004007;90794
5004106;90816
5004304;90859
5004403;90875
5004502;90891
5004601;98078
5004700;90930
5004809;55034
5004908;90972
5005004;90999
5005103;91014
5005152;91820
5005202;91030
5005251;55026
5005400;91073
5005608;91111
5005681;91790
5005707;91138
5005806;91154
5006002;55000
5006200;91235
5006259;55042
5006309;91251
5006358;91847
5006408;91278
5006606;91316
5006903;91375
5007109;91413
5007208;91430
5007307;91456
5007406;91472
5007505;91499
5007554;91863
5007802;98116
5007703;98132
5007901;91570
5007935;91880
5007695;98094
5007950;98159
5007976;98175
5008008;91596
5008305;91650
5008404;91901
5000203;90034
3100104;40010
3100203;40037
3100302;40053
3100401;40070
3100807;40150
3101102;40215
3101201;40231
3101300;40258
3101409;40274
3101607;40312
3101631;40002
3101706;40339
3101805;40355
3101904;40371
3102001;40398
3102050;41661
3153509;50695
3102100;40410
3102209;40436
3102308;40452
3102407;40479
3101508;40290
3102506;40495
3102605;40517
3102803;40550
3102852;41688
3102902;40576
3103009;40592
3103108;40614
3103306;40657
3103504;40690
3103603;40711
3103702;40738
3103751;40029
3103801;40754
3104007;40797
3103207;40630
3103405;40673
3103900;40770
3104106;40819
3104205;40835
3104304;40851
3104403;40878
3104452;41700
3104502;40894
3104601;40916
3104700;40932
3104809;40959
3100500;40096
3104908;40975
3105004;40991
3105103;41017
3105202;41033
3105301;41050
3105608;41114
3105707;41130
3105905;41173
3105400;41076
3105509;41092
3106002;41190
3106101;41211
3106200;41238
3106309;41254
3106408;41270
3106507;41297
3106655;41726
3106606;41319
3106705;41335
3106804;41351
3106903;41378
3107000;41394
3107109;41416
3107208;41432
3107307;41459
3107406;41475
3107505;41491
3107604;41513
3107703;41530
3107802;41556
3107901;41572
3108008;41599
3108107;41610
3108206;41637
3108255;41742
3108305;41653
3108404;41670
3108503;41696
3108552;40045
3108602;41718
3108909;41777
3108800;41750
3109006;41793
3108701;41734
3109105;41815
3109204;41831
3109253;41769
3109303;41858
3109402;41874
3109451;41785
3109501;41890
3109600;41912
3109709;41939
3102704;40533
3109808;41955
3109907;41971
3110004;41998
3110103;42013
3110202;42030
3110301;42056
3110400;42072
3110509;42099
3110707;42137
3110608;42110
3110905;42170
3110806;42153
3111002;42196
3111101;42218
3111150;41807
3111200;42234
3111309;42250
3111408;42277
3111507;42293
3111606;42315
3111903;42374
3111705;42331
3112000;42390
3112059;41823
3111804;42358
3112109;42412
3112208;42439
3112307;42455
3112406;42471
3112505;42498
3112604;42510
3112653;40061
3112703;42536
3112802;42552
3112901;42579
3113107;42617
3113206;42633
3113305;42650
3113404;42676
3113008;42595
3113503;42692
3113602;42714
3113701;42730
3113909;42773
3114006;42790
3114105;42811
3114204;42838
3114303;42854
3114402;42870
3113800;42757
3114501;42897
3114550;40088
3114600;42919
3114808;42951
3114709;42935
3114907;42978
3115003;42994
3115300;43052
3115359;41840
3115409;43079
3115458;40100
3115474;41866
3115508;43095
3115607;43117
3115706;43133
3115805;43150
3116001;43192
3116100;43214
3116159;41882
3116209;43230
3115904;43176
3116308;43257
3116407;43273
3116506;43290
3116605;43311
3116704;43338
3116803;43354
3116902;43370
3117009;43397
3117108;43419
3115201;43036
3117306;43451
3117207;43435
3117405;43478
3117504;43494
3117603;43516
3117702;43532
3117801;43559
3117876;41920
3117900;43575
3118007;43591
3118106;43613
3118205;43630
3118304;43656
3118403;43672
3118502;43699
3118601;43710
3118700;43737
3118809;43753
3118908;43770
3119005;43796
3119104;43818
3119203;43834
3119302;43850
3119401;43877
3119500;43893
3119609;43915
3119708;43931
3120102;44016
3120201;44032
3120409;44075
3120508;44091
3120300;44059
3120151;41963
3120607;44113
3120706;44130
3120805;44156
3120839;41980
3120870;42005
3120904;44172
3115102;43010
3119807;43958
3119906;43974
3119955;41947
3120003;43990
3117836;41904
3121001;44199
3121100;44210
3121209;44237
3121258;42021
3121308;44253
3121407;44270
3121506;44296
3121605;44318
3121704;44334
3121803;44350
3122009;44393
3122108;44415
3122207;44431
3121902;44377
3122306;44458
3122355;40126
3122405;44474
3122454;40142
3122470;42048
3122504;44490
3122603;44512
3122702;44539
3122801;44555
3122900;44571
3123007;44598
3123106;44610
3123205;44636
3123304;44652
3123403;44679
3123502;44695
3123528;40169
3123601;44717
3123700;44733
3123809;44750
3123858;40185
3123908;44776
3124005;44792
3124104;44814
3124203;44830
3124302;44857
3124401;44873
3124500;44890
3124609;44911
3124708;44938
3124807;44954
3124906;44970
3125002;44997
3125101;45012
3125200;45039
3125309;45055
3125606;45110
3125705;45136
3125408;45071
3125804;45152
3125903;45179
3125952;40207
3126000;45195
3126109;45217
3126208;45233
3126307;45250
3126406;45276
3126505;45292
3126604;45314
3126703;45330
3126752;40223
3126802;45357
3126901;45373
3126950;42064
3127008;45390
3127057;49352
3127073;42080
3127107;45411
3127206;45438
3127305;45454
3127339;42102
3127354;42129
3127370;42145
3127388;42161
3127503;45497
3127404;45470
3127602;45519
3127701;45535
3127909;45578
3127800;45551
3128006;45594
3128105;45616
3128204;45632
3128253;42188
3128402;45675
3128303;45659
3128501;45691
3128600;45713
3128709;45730
3128808;45756
3128907;45772
3129004;45799
3129103;45810
3129202;45837
3129301;45853
3129400;45870
3129608;45918
3129657;42200
3129707;45934
3129806;45950
3129905;45977
3130002;45993
3129509;45896
3130051;40240
3130101;46019
3130200;46035
3130309;46051
3130408;46078
3130507;46094
3130556;42226
3130606;46116
3130655;42242
3130705;46132
3130804;46159
3130903;46175
3131000;46191
3131109;46213
3131158;40266
3131208;46230
3131307;46256
3131406;46272
3131505;46299
3131604;46310
3131703;46337
3131802;46353
3131901;46370
3132008;46396
3132107;46418
3132206;46434
3132305;46450
3132404;46477
3132503;46493
3132602;46515
3132701;46531
3132800;46558
3132909;46574
3133006;46590
3133105;46612
3133204;46639
3133303;46655
3133402;46671
3133501;46698
3133600;46710
3133709;46736
3133907;46779
3133758;54453
3133808;46752
3134004;46795
3134103;46817
3134202;46833
3134301;46850
3134400;46876
3134509;46892
3134608;46914
3134707;46930
3134905;46973
3134806;46957
3135001;46990
3135076;40304
3135100;47015
3135209;47031
3135308;47058
3135357;42269
3135050;40282
3135407;47074
3135456;42285
3135506;47090
3135605;47112
3135704;47139
3135803;47155
3135902;47171
3136108;47210
3136405;47279
3136009;47198
3136504;47295
3136579;40924
3136520;42307
3136553;42323
3136207;47236
3136306;47252
3136652;40320
3136702;47333
3136801;47350
3136900;47376
3136959;40940
3137007;47392
3137106;47414
3137205;47430
3137304;47457
3137403;47473
3137502;47490
3137536;40347
3137601;47511
3137700;47538
3137809;47554
3137908;47570
3138005;47597
3138104;47619
3138203;47635
3138302;47651
3138351;40967
3138401;47678
3138500;47694
3138609;47716
3138625;40363
3138658;40380
3138674;40983
3138682;41009
3138708;47732
3138807;47759
3138906;47775
3139003;47791
3139102;47813
3139201;47830
3139250;40401
3139300;47856
3139409;47872
3139508;47899
3139607;47910
3139805;47953
3139706;47937
3139904;47970
3140001;47996
3140100;48011
3140209;48038
3140308;48054
3140407;48070
3140506;48097
3140530;41041
3140555;40428
3140605;48119
3140704;48135
3171501;54313
3140803;48151
3140852;40444
3140902;48178
3141009;48194
3141108;48216
3141207;48232
3141306;48259
3141405;48275
3141504;48291
3141603;48313
3141702;48330
3141801;48356
3141900;48372
3142007;48399
3142106;48410
3142254;41068
3142205;48437
3142304;48453
3142403;48470
3142502;48496
3142601;48518
3142700;48534
3142809;48550
3142908;48577
3143005;48593
3143104;48615
3143153;41084
3143203;48631
3143401;48674
3143302;48658
3143450;40460
3143500;48690
3143609;48712
3143708;48739
3143807;48755
3143906;48771
3144003;48798
3144102;48810
3140159;41025
3144201;48836
3144300;48852
3144359;40487
3144375;41106
3144409;48879
3144508;48895
3144607;48917
3144656;41122
3144672;41149
3144706;48933
3144805;48950
3144904;48976
3145000;48992
3145059;41165
3145109;49018
3145208;49034
3136603;47317
3145307;49050
3145356;40509
3145372;41181
3145406;49077
3145455;41203
3145604;49115
3145703;49131
3145505;49093
3145802;49158
3145851;41220
3145877;41246
3145901;49174
3146008;49190
3146107;49212
3146206;49239
3146255;41262
3146305;49255
3146552;41289
3146404;49271
3146503;49298
3146602;49310
3146701;49336
3146750;40525
3146909;49379
3147006;49395
3147204;49433
3147303;49450
3147402;49476
3147105;49417
3147600;49514
3147709;49530
3147808;49557
3147501;49492
3147907;49573
3147956;41300
3148004;49590
3148103;49611
3148202;49638
3148301;49654
3148400;49670
3148509;49697
3148707;49735
3148756;41327
3148806;49751
3148905;49778
3149002;49794
3149101;49816
3149150;40541
3149200;49832
3149309;49859
3149408;49875
3149507;49891
3149606;49913
3149705;49930
3149804;49956
3149903;49972
3149952;40568
3150000;49999
3148608;49719
3150109;50016
3150158;41343
3150208;50032
3150307;50059
3150406;50075
3150505;50091
3150539;41360
3150570;41386
3150604;50113
3150703;50130
3150802;50156
3151008;50199
3150901;50172
3151107;50210
3151206;50237
3151305;50253
3151404;50270
3151503;50296
3151602;50318
3151909;50377
3152006;50393
3152105;50415
3152131;41408
3152170;40584
3152204;50431
3152303;50458
3152402;50474
3152501;50490
3152600;50512
3151701;50334
3151800;50350
3152709;50539
3152808;50555
3153004;50598
3152907;50571
3153103;50610
3153202;50636
3153301;50652
3153400;50679
3153608;50717
3153707;50733
3153806;50750
3153905;50776
3154002;50792
3154101;50814
3154150;41424
3154200;50830
3154309;50857
3154408;50873
3154457;40606
3154507;50890
3154606;50911
3154705;50938
3154804;50954
3154903;50970
3155108;51012
3155009;50997
3155207;51039
3155306;51055
3155405;51071
3155504;51098
3155603;51110
3155702;51136
3155801;51152
3155900;51179
3156007;51195
3156106;51217
3156205;51233
3156304;51250
3156403;51276
3156452;40622
3156502;51292
3156601;51314
3156700;51330
3156809;51357
3156908;51373
3157005;51390
3157104;51411
3157203;51438
3157252;40649
3157278;41440
3157302;51454
3157336;41467
3157377;41483
3157401;51470
3157500;51497
3157609;51519
3157658;41505
3157708;51535
3157807;51551
3157906;51578
3158003;51594
3158102;51616
3158201;51632
3159209;51837
3159407;51870
3159308;51853
3159357;40665
3159506;51896
3159605;51918
3159704;51934
3159803;51950
3158300;51659
3158409;51675
3158508;51691
3158607;51713
3158706;51730
3158805;51756
3158904;51772
3158953;40681
3159001;51799
3159100;51810
3159902;51977
3160009;51993
3160108;52019
3160207;52035
3160306;52051
3160405;52078
3160454;41521
3160504;52094
3160603;52116
3160702;52132
3165404;53074
3165503;53090
3165537;40800
3165560;40827
3165578;40843
3165602;53112
3165701;53139
3165800;53155
3165909;53171
3166006;53198
3166105;53210
3166204;53236
3166303;53252
3166402;53279
3166501;53295
3166600;53317
3166808;53350
3166709;53333
3166907;53376
3167004;53392
3166956;42382
3167103;53414
3167202;53430
3165552;42404
3167301;53457
3167400;53473
3167608;53511
3167509;53490
3167707;53538
3167806;53554
3160801;52159
3160900;52175
3160959;41548
3161007;52191
3161106;52213
3161205;52230
3161304;52256
3161403;52272
3161056;41564
3161502;52299
3161601;52310
3161650;41580
3161700;52337
3161809;52353
3161908;52370
3125507;45098
3162005;52396
3162104;52418
3162922;41629
3162948;41645
3162955;40789
3163003;52590
3163102;52612
3163201;52639
3163300;52655
3163409;52671
3163508;52698
3163607;52710
3162203;52434
3162252;40703
3162302;52450
3162401;52477
3162450;41602
3162500;52493
3162559;40720
3162575;40746
3162609;52515
3162658;40762
3162708;52531
3162807;52558
3162906;52574
3163706;52736
3163805;52752
3163904;52779
3164100;52817
3164001;52795
3164209;52833
3164308;52850
3164407;52876
3164431;42340
3164472;42366
3164506;52892
3164605;52914
3164704;52930
3164803;52957
3164902;52973
3165206;53031
3165008;52990
3165107;53015
3165305;53058
3167905;53570
3168002;53597
3168051;42420
3168101;53619
3168200;53635
3168309;53651
3168408;53678
3168507;53694
3168606;53716
3168705;53732
3168804;53759
3168903;53775
3169000;53791
3169059;42587
3169109;53813
3169208;53830
3169307;53856
3169356;41157
3169406;53872
3169505;53899
3169604;53910
3169703;53937
3169802;53953
3170057;40860
3170008;53996
3170107;54011
3170206;54038
3169901;53970
3170305;54054
3170404;54070
3170438;42447
3170479;42463
3170529;40886
3170503;54097
3170578;40908
3170602;54119
3170651;42480
3170701;54135
3170750;42501
3170909;54178
3171006;54194
3171030;42528
3171071;42544
3171154;42560
3171105;54232
3171204;54259
3171402;54291
3171600;54330
3171808;54372
3171907;54399
3171709;54356
3172004;54410
3171303;54275
3172103;54437
3170800;54151
3172202;54216
3100609;40118
3100708;40134
3100906;40177
3101003;40193
1500107;4014
1500131;4502
1500206;4030
1500305;4057
1500404;4073
1500503;4090
1500602;4111
1500701;4138
1500800;4154
1500859;4723
1500909;4170
1500958;4340
1501006;4197
1501105;4219
1501204;4235
1501253;4588
1501303;4251
1501451;4804
1501402;4278
1501501;4294
1501576;4049
1501600;4316
1501709;4332
1501725;4227
1501758;5932
1501782;4448
1501808;4359
1501907;4375
1502004;4391
1501956;4766
1502103;4413
1502152;4707
1502202;4430
1502301;4456
1502400;4472
1502509;4499
1502608;4510
1502707;4537
1502756;5819
1502764;4529
1502772;5851
1502806;4553
1502855;4740
1502905;4570
1502939;5975
1502954;4120
1503002;4596
1503044;4561
1503077;5878
1503093;4006
1503101;4618
1503200;4634
1503309;4650
1503408;4677
1503457;4189
1503507;4693
1503606;4715
1503705;4731
1503754;4200
1503804;4758
1503903;4774
1504000;4790
1504109;4812
1504208;4839
1504307;4855
1504406;4871
1504422;4642
1504455;5770
1504505;4898
1504604;4910
1504703;4936
1504802;4952
1504901;4979
1504059;4103
1504950;4480
1504976;4600
1505007;4995
1505031;4383
1505064;4421
1505205;5037
1505304;5053
1505437;5959
1505403;5070
1505486;5916
1505494;4162
1505502;5096
1505536;5835
1505551;4308
1505601;5118
1505635;4782
1505650;4626
1505700;5134
1505809;5150
1505908;5177
1506005;5193
1506104;5215
1506112;4685
1506138;5673
1506161;5690
1506187;5738
1506195;5894
1506203;5231
1506302;5258
1506351;4243
1506401;5274
1506500;5290
1506559;4146
1506583;5991
1506609;5312
1506708;5339
1506807;5355
1506906;5371
1507003;5398
1507755;4847
1507805;5550
1507904;5576
1507102;5410
1507151;4464
1507201;5436
1507409;5479
1507300;5452
1507458;5797
1507466;4820
1507474;4065
1507508;5495
1507607;5517
1507706;5533
1507953;4022
1507961;4545
1507979;4367
1508001;5592
1508035;4669
1508050;4286
1508084;4081
1508100;5614
1508126;4324
1508159;5754
1508209;5630
1508308;5657
1508357;4405
1508407;5711
1500347;4260
1505106;5010
2500205;19038
2500304;19054
2500403;19070
2500502;19097
2500536;19763
2500577;19925
2500601;19119
2500734;19585
2500775;19844
2500908;19178
2501005;19194
2500809;19151
2501104;19216
2501153;19909
2501203;19232
2501302;19259
2501351;19321
2501500;19313
2501534;19305
2501609;19330
2501575;19780
2501708;19356
2501807;19372
2501401;19291
2501906;19399
2502003;19410
2502052;19500
2502102;19437
2502151;19941
2502201;19453
2502300;19470
2502409;19496
2502508;19518
2502706;19550
2502805;19577
2502904;19593
2503001;19615
2503100;19631
2503209;19658
2503308;19674
2503407;19690
2503506;19712
2503555;19364
2503605;19739
2503704;19755
2503753;19380
2503803;19771
2503902;19798
2504009;19810
251640;22292
2504033;19062
2504074;19240
2504108;19836
2504157;19607
2504207;19852
2504306;19879
2504355;19801
2504405;19895
2504504;19917
2504603;19933
2504702;19950
2504801;19976
2504850;19704
2504900;19992
2505006;20010
2505204;20052
2505105;20036
2505238;19089
2505279;19100
2505303;20079
2505352;19275
2505402;20095
2505600;20133
2505709;20150
2505808;20176
2505907;20192
2506004;20214
2506103;20230
2506202;20257
2506251;19623
2506301;20273
2506400;20290
2506509;20311
2506608;20338
2502607;19534
2506707;20354
2506806;20370
2506905;20397
2507002;20419
2507101;20435
2507200;20451
2507309;20478
2507408;20494
2507507;20516
2507606;20532
2507705;20559
2507804;20575
2507903;20591
2508000;20613
2508109;20630
2508208;20656
2508307;20672
2508406;20699
2508505;20710
2508554;19160
2508604;20737
2508802;20770
2508901;20796
2509008;20818
2509057;19968
2509107;20834
2509156;19461
2509206;20850
2509305;20877
2509339;19143
2509370;19488
2509396;19984
2509404;20893
2509503;20915
2509602;20931
2509701;20958
2509800;20974
2508703;20753
2509909;20990
2510006;21016
2510105;21032
2510204;21059
2510303;21075
2510402;21091
2510501;21113
2510600;21130
2510659;19720
2510709;21156
2510808;21172
2510907;21199
2511004;21210
2511103;21237
2511202;21253
2512721;19747
2511301;21270
2511400;21296
2511509;21318
2511608;21334
2511707;21350
2511806;21377
2511905;21393
2512002;21415
2512101;21431
2512036;19640
2512077;19526
2512200;21458
2512309;21474
2512408;21490
2512507;21512
2512606;21539
2512705;21555
2512788;19828
2512804;21571
2512747;19208
2512754;19127
2512762;19003
2512903;21598
2513000;21610
2513109;21636
2513158;20001
2513208;21652
2513307;21679
2513356;19569
2513406;21695
2513703;21750
2513802;21776
2513505;21717
2513604;21733
2513653;19666
2513851;19267
2515302;22071
2515500;22110
2515609;22136
2515708;22152
2515807;22179
2515906;22195
2515930;19186
2515971;19020
2516102;22233
2516003;22217
2516151;19283
2516201;22250
2516300;22276
2513927;19402
2513901;21792
2513968;19429
2513943;19224
2513984;19860
2514206;21857
2514305;21873
2514404;21890
2514503;21911
2514552;19445
2514602;21938
2514651;19542
2514701;21954
2514800;21970
2514453;19046
2514008;21814
2500700;19135
2514107;21830
2514909;21997
2515005;22012
2515104;22039
2515203;22055
2515401;22098
2516508;22314
2516607;22330
2516706;22357
2516755;19682
2516805;22373
2516904;22390
2517001;22411
2517209;19887
2505501;20117
2517100;22438
2517407;19348
2500106;19011
4100103;74012
4100202;74039
4100301;74055
4100400;74071
4100459;84557
4100608;74098
4128625;74926
4100707;74110
4100509;79510
4100806;74136
4100905;74152
4101002;74179
4101051;74101
4101101;74195
4101200;74217
4101309;74233
4101408;74250
4101507;74276
4101606;74292
4101655;75108
4101705;74314
4101804;74357
4101853;75086
4101903;74373
4102000;79537
4102109;74390
4102208;74411
4102307;74438
4102406;74454
4102505;74470
4102703;74519
4102604;74497
4102752;75124
4102802;74535
4102901;74551
4103008;74578
4103024;74144
4103040;75140
4103057;79812
4103107;74594
4103156;75167
4103206;74616
4103222;74160
4103305;74632
4103354;79839
4103370;74187
4103404;74659
4103453;79855
4103479;74209
4103503;74675
4103602;74691
4103800;74730
4103701;74713
4103909;74756
4103958;75183
4104006;74772
4104055;74780
4104105;74799
4104204;74810
4104253;75205
4104303;74837
4104428;74225
4104451;84514
4104501;74870
4104600;74896
4104659;75221
4104709;74918
4104808;74934
4104907;74950
4105003;74977
4105102;74993
4105201;75019
4105409;75035
4105508;75051
4105607;75078
4105706;75094
4105805;75132
4105904;75159
4106001;75175
4106100;75191
4106209;75213
4106308;75230
4106407;75256
4106456;75248
4106506;75272
4106555;75280
4106803;75337
4106571;74241
4106605;75299
4106704;75310
4106852;75264
4106902;75353
4107009;75370
4104402;74853
4105300;79570
4107157;75400
4107108;75396
4107124;74268
4107207;75418
4107256;84654
4107306;75434
4128633;74942
4107504;75477
4107538;74284
4107405;75450
4107520;75302
4107546;75329
4107553;74306
4107603;75493
4107652;74322
4107736;75345
4107751;84573
4107850;74349
4107801;75531
4107900;75558
4108007;75574
4108106;75590
4108205;75612
4108304;75639
4108452;75361
4108320;79774
4108403;75655
4107702;75515
4108502;75671
4108551;74004
4108601;75698
4108650;75388
4108700;79596
4108908;75736
4108957;75426
4109005;75752
4109104;75779
4109203;75795
4109302;75817
4109401;75833
4109500;75850
4109609;75876
4108809;75710
4109658;74365
4109708;75892
4109757;74020
4109807;75914
4109906;75930
4110003;75957
4110052;74381
4110078;75442
4110102;75973
4110300;76015
4110409;79618
4110201;75990
4110508;76031
4110607;76058
4110656;74403
4110706;76074
4110805;76090
4110904;76112
4110953;75000
4111001;76139
4111100;76155
4111209;76171
4111258;74446
4111308;76198
4111506;76236
4111605;76252
4111555;74462
4111407;76210
4111704;76279
4111803;76295
4111902;76317
4112009;76333
4112108;76350
4112207;76376
4112306;76392
4112405;76414
4112504;76430
4112603;76457
4112702;76473
4112751;79979
4112801;76490
4112900;76511
4112959;84638
4113007;76538
4113106;76554
4113205;76570
4113254;74985
4113304;76597
4113403;76619
4113429;74489
4113452;74047
4113502;76635
4113601;76651
4113700;76678
4113734;75809
4113759;84590
4113809;76694
4113908;76716
4114005;76732
4114203;76775
4114104;76759
4114302;76791
4114351;75469
4114401;75116
4114500;76813
4114609;76830
4114708;76856
4114807;76872
4115002;79758
4115101;76899
4114906;74330
4115200;76910
4115358;74500
4115309;76937
4115408;76953
4115457;75485
4115507;76970
4115606;76996
4115705;79634
4115739;74527
4115754;74543
4115804;77011
4115853;74560
4115903;77038
4116000;77054
4116059;84697
4116109;77070
4116208;77097
4116307;77119
4116406;77135
4116505;77151
4116604;77178
4116703;79650
4116802;77194
4116901;77216
4116950;75027
4117008;77232
4117057;74586
4117107;77259
4117206;79677
4117255;79952
4117214;74608
4117222;79790
4117271;75760
4117297;74420
4117305;77275
4117404;77291
4117453;74063
4117503;77313
4117602;77330
4117701;77356
4117800;77372
4117909;77399
4118105;77437
4118204;77453
4118303;77470
4118402;77496
4118006;77410
4118451;74624
4118501;77518
4118600;77534
4118709;77550
4118808;77577
4118857;75507
4119152;75043
4119251;74640
4119202;77631
4119301;77658
4119509;77690
4119400;77674
4119608;77712
4119657;74667
4119103;77615
4119707;77739
4119806;77755
4119905;77771
4119954;75523
4120002;77798
4120101;77810
4120150;75540
4120200;77836
4120309;77852
4120333;75566
4120358;79910
4120408;77879
4120507;77895
4120606;77917
4118907;79693
4119004;77593
4120655;75582
4120705;77933
4120804;77950
4120853;74683
4120903;79553
4121000;77976
4121109;77992
4121208;78018
4121257;74705
4121307;78034
4121356;74721
4121406;78050
4121505;78077
4121604;78093
4121703;78115
4121752;75604
4121802;78131
4121901;78158
4122008;78174
4122107;78190
4122156;74748
4122172;75620
4122206;78212
4122305;78239
4122404;78255
4122503;78271
4122602;78298
4122651;75744
4122701;78310
4122800;78336
4122909;78352
4123006;78379
4123105;78395
4123204;78417
4123303;78433
4123402;78450
4123501;79715
4123600;78476
4123709;78492
4123808;78514
4123824;74764
4123857;74802
4123907;78530
4123956;74829
4124020;74080
4124053;84670
4124004;78557
4124202;78611
4124103;78590
4124301;78638
4124400;78573
4124509;78654
4126207;78999
4126256;84611
4126272;75060
4126306;79014
4126355;75647
4126405;79030
4126504;79057
4126603;79073
4126652;75787
4124608;78670
4124707;78697
4125209;78816
4125308;78794
4125357;79995
4125407;78832
4125456;84719
4125506;78859
4124806;78719
4124905;78735
4125001;78751
4125100;78778
4125555;74845
4125605;78875
4125704;78891
4125753;74861
4125803;78913
4125902;78930
4126009;78956
4126108;78972
4126678;75663
4126702;79090
4126801;79111
4126900;79731
4127007;79138
4127106;79154
4127205;79170
4127304;79197
4127403;79219
4127502;79235
4127601;79251
4127700;79278
4127809;79294
4127858;79871
4127882;74888
4127908;79316
4127957;79936
4127965;84530
4128005;79332
4128104;79359
4128302;79391
4128203;79375
4128401;79413
4128534;74900
4128559;79898
4128609;79456
4128658;74969
4128708;79472
4128500;79430
4128807;79499
4101150;74128
2600054;26310
2600104;23019
2600203;23035
2600302;23051
2600609;23116
2600708;23132
2600807;23159
2600906;23175
2601003;23191
2601102;23213
2601052;23205
2601201;23230
2601300;23256
2601409;23272
2601706;23337
2601508;23299
2601607;23310
2601805;23353
2601904;23370
2602001;23396
2602100;23418
2602209;23434
2602308;23450
2602506;23493
2602605;23515
2602407;23477
2602704;23531
2602803;23558
2602902;23574
2603009;23590
2603108;23612
2603207;23639
2603405;23671
2603306;23655
2603454;26298
2603504;23698
2603603;23710
2603702;23736
2603801;23752
2603926;23167
2603900;23779
2604007;23795
2604106;23817
2604155;23221
2604205;23833
2604304;23850
2604403;23876
2604502;23892
2604601;23914
2604700;23930
2604809;23957
2604908;23973
2605004;23990
2605103;24015
2605152;23140
2605202;24031
2605301;24058
2605400;24074
2605509;24090
2605608;24112
2605707;24139
2605806;24155
2605905;24171
2606002;24198
2606101;24210
2606200;24236
2606309;24252
2606408;24279
2606507;24295
2606606;24317
2606705;24333
2606804;24350
2606903;24376
2607604;24511
2607000;24392
2607109;24414
2607208;24430
2607307;24457
2607406;24473
2607653;25976
2607703;24538
2607752;26336
2607802;24554
2607505;24490
2607901;24570
2607950;23302
2608008;24597
2608057;23264
2608206;24635
2608107;24619
2608255;23124
2608305;24651
2608404;24678
2608503;24694
2608453;23027
2608602;24716
2608701;24732
2608750;23183
2608800;24759
2608909;24775
2609006;24791
2609105;24813
2609154;23248
2609204;24830
2609303;24856
2614303;25852
2609402;24872
2609501;24899
2609600;24910
2609709;24937
2609808;24953
2609907;24970
2610004;24996
2610103;25011
2610202;25038
2610301;25054
2610400;25070
2610509;25097
2610608;25119
2610707;25135
2610806;25151
2610905;25178
2611101;25216
2611002;25194
2611309;25259
2611200;25232
2611408;25275
2611507;25291
2611533;23000
2611606;25313
2611705;25330
2611804;25356
2611903;25372
2612000;25399
2612109;25410
2612208;25437
2612307;25453
2612406;25470
2612455;23108
2612471;23043
2612505;25496
2612554;23329
2612604;25518
2612703;25534
2612802;25550
2613909;25771
2614006;25798
2614105;25810
2614204;25836
2614402;25879
2614501;25895
2612901;25577
2613008;25593
2613107;25615
2613305;25658
2613404;25674
2613503;25690
2613602;25712
2613206;25631
2613701;25739
2613800;25755
2614600;25917
2614709;25933
2614808;25950
2614857;23280
2615003;25992
2615102;26018
2615201;26034
2615300;26050
2615409;26077
2615508;26093
2615607;26115
2615706;26131
2615805;26158
2615904;26174
2616001;26190
2616100;26212
2616183;23086
2616209;26239
2616308;26255
2616407;26271
2616506;23060
2600401;23078
2600500;23094
2200053;12327
2200103;10014
2200251;12319
2200277;10022
2200301;10057
2200400;10073
2200459;12084
2200509;10090
2200608;10111
2200806;10154
2200707;10138
2200905;10170
2201002;10197
2201051;12106
2201101;10219
2201150;10049
2201176;10600
2201200;10235
2201309;10251
2201408;10278
2201507;10294
2201556;10626
2201572;12335
2201606;10316
2201705;10332
2201739;12122
2201770;10669
2201804;10359
2201903;10375
2201919;10065
2201929;10081
2201945;12149
2201960;10006
2201988;10642
2202000;10391
2202026;10103
2202059;10120
2202075;12343
2202083;12572
2202091;10146
2202109;10413
2202117;12351
2202133;10723
2202174;10740
2202208;10430
2202251;10162
2202307;10456
2202406;10472
2202455;10707
2202505;10499
2202539;12670
2202554;12165
2202604;10510
2202653;12688
2202703;10537
2202711;12360
2202729;12696
2202737;10189
2202752;10200
2202778;10227
2202802;10553
2202851;10243
2202901;10570
2203008;10596
2203107;10618
2203206;10634
2203230;10766
2203271;12181
2203255;12580
2203305;10650
2203354;12297
2203404;10677
2203453;10685
2203420;11410
2203503;10693
2203602;10715
2203701;10731
2203750;10260
2203800;10758
2203859;12637
2203909;10774
2204006;10790
2204105;10812
2204154;12378
2204204;10839
2204303;10855
2204352;10782
2204402;10871
2204501;10898
2204550;10804
2204600;10910
2204659;10820
2204709;10936
2204808;10952
2204907;10979
2205003;10995
2205102;11010
2205151;10286
2205201;11037
2205250;10308
2205276;12394
2205300;11053
2205409;11070
2205458;12408
2205508;11096
2205359;12386
2205516;12416
2205532;10847
2205524;12203
2205557;10324
2205573;10863
2205565;10340
2205581;12424
2205599;12220
2205540;12432
2205607;11118
2205706;11134
2205805;11150
2205854;12440
2205904;11177
2205953;10367
2206001;11193
2206050;12467
2206100;11215
2206209;11231
2206308;11258
2206357;12246
2206407;11274
2206506;11290
2206605;11312
2206654;10880
2206670;12459
2206696;12475
2206704;11339
2206753;10928
2206803;11355
2207959;10960
2206902;11371
2206951;10901
2207009;11398
2207108;12483
2207207;11436
2207306;11452
2207355;12262
2207405;11479
2207504;11495
2207553;10944
2207603;11517
2207702;11533
2207751;10405
2207777;10383
2207793;12718
2207801;11550
2207850;12289
2207900;11576
2207934;12491
2208007;11592
2208106;11614
2208205;11630
2208304;11657
2208403;11673
2208502;11690
2208551;12599
2208601;11711
2208650;10421
2208700;11738
2208809;11754
2208858;12300
2208874;12602
2208908;11770
2209005;11797
2209104;11819
2209153;10448
2209203;11835
2209302;11851
2209377;10464
2209351;10480
2209401;11878
2209450;12653
2209500;11894
2210623;12041
2210631;12068
2210656;10545
2210805;12157
2210706;12130
2210904;12173
2210938;12513
2209559;10502
2209658;12505
2209708;11932
2209609;11916
2209757;12610
2209807;11959
2210052;10529
2210102;12017
2210201;12033
2209856;11088
2209872;12009
2209906;11975
2209955;12025
2209971;10987
2210003;11991
2210300;12050
2210359;10561
2210375;12629
2210383;12661
2210391;12700
2210409;12076
2210508;12092
2210607;12114
2210953;12530
2210979;12521
2211001;12190
2211100;12211
2211209;12238
2211308;12254
2211506;12556
2211605;12548
2211357;10588
2211407;12270
2211704;12564
2200202;10030
3300100;58017
3300159;58181
3300209;58033
3300225;58220
3300233;58408
3300258;59277
3300308;58050
3300407;58076
3300456;58041
3300506;58092
3300605;58114
3300704;58130
3300803;58157
3300902;58173
3301009;58190
3301108;58211
3300936;58300
3301157;58068
3301207;58238
3301306;58254
3300951;58165
3301405;58270
3301504;58297
3301603;58319
3301702;58335
3301801;58351
3301850;58106
3301876;58262
3301900;58378
3302007;58394
3302056;59293
3302106;58416
3302205;58432
3302254;58440
3302270;58149
3302304;58459
3302403;58475
3302452;58386
3302502;58491
3302601;58513
3302700;58530
3302809;58556
3302858;58467
3302908;58572
3303005;58599
3303104;58610
3303203;58637
3303302;58653
3303401;58670
3303500;58696
3303609;58718
3303807;58750
3303708;58734
3303856;59315
3303906;58777
3303955;58246
3304003;58793
3304102;58815
3304110;58327
3304128;58025
3304144;58122
3304151;58009
3304201;58831
3304300;58858
3304409;58874
3304508;58890
3304524;58203
3304557;60011
3304607;58912
3304706;58939
3305406;59072
3305505;59099
3305554;58424
3305604;59110
3305703;59137
3304805;58955
3304755;58289
3304904;58971
3305133;58343
3305158;59331
3305000;58998
3305109;59013
3305208;59030
3305307;59056
3305752;58360
3305802;59153
3305901;59170
3306008;59196
3306107;59218
3306156;58084
3306206;59234
3306305;59250
2400109;16012
2400307;16055
2400505;16098
2400604;16110
2400703;16136
2400802;16152
2400901;16179
2401008;16195
2401107;16217
2401206;16233
2400208;16039
2401453;30031
2401503;16292
2401404;16276
2401602;16314
2405306;17035
2401651;16101
2401701;16330
2401800;16357
2402006;16390
2401859;16047
2401909;16373
2402003;16250
2402105;16411
2402204;16438
2402303;16454
2402501;16497
2402402;16470
2402600;16519
2402709;16535
2402808;16551
2402907;16578
2403004;16594
2403103;16616
2403202;16632
2403301;16659
2403400;16675
2403509;16691
2403608;16713
2403707;16730
2403756;16144
2403806;16756
2403905;16772
2404002;17515
2404101;16799
2404200;16810
2404309;16837
2404408;16853
2404507;16870
2404606;16896
2404705;16918
2404804;16934
2404853;16080
2404903;16950
2405108;16993
2405207;17019
2405405;17051
2405504;17078
2405603;17094
2405702;17116
2405009;16977
2406007;17175
2405801;17132
2405900;17159
2406106;17191
2406155;16306
2406205;17230
2406304;17256
2406403;17272
2406502;17299
2406601;17310
2406700;17337
2406809;17353
2406908;17370
2407005;17396
2407203;17434
2407104;17418
2407252;16160
2407302;17450
2407401;17477
2407500;17493
2407609;17213
2407708;17531
2407807;17558
2407906;17574
2408003;17590
2408102;17612
2408300;17655
2408201;17639
2408409;17671
2408508;17698
2408607;17710
2408805;17752
2408706;17736
2408904;17779
2403251;17795
2409100;17817
2409209;17833
2409308;17850
2409407;17876
2409506;17892
2409605;17914
2409704;17930
2409803;17957
2409902;17973
2410009;17990
2410207;18031
2410256;16284
2410108;18015
2410405;18074
2410504;18090
2410603;18937
2410702;18112
2410801;18139
2410900;18155
2408953;16268
2411007;18171
2411106;18198
2411205;18236
2409332;16241
2411403;18279
2411429;18252
2411502;18295
2413102;18597
2413201;18619
2410306;18058
2413300;18635
2413359;16020
2413409;18651
2413508;18678
2413557;16209
2413607;18694
2411601;18317
2411700;18333
2411809;18350
2411908;18210
2412005;18376
2412203;18414
2412302;18430
2412401;18457
2412104;18392
2412500;18473
2412559;16063
2412609;18490
2412708;18511
2412807;18538
2412906;18554
2413003;18570
2413706;18716
2413805;18732
2413904;18759
2414001;18775
2414100;18791
2414159;16004
2411056;16225
2414209;18813
2414308;18830
2414407;18856
2414456;16128
2414506;18872
2414605;18899
2414753;16187
2414803;18953
2415008;18996
2414902;18970
2414704;18910
2400406;16071
4300034;88986
4300109;85014
4300208;85030
4300307;85057
4300406;85073
4300455;85545
4300471;89001
4300505;85090
4300554;84808
4300570;86282
4300604;85111
4300638;86045
4300646;86304
4300661;86100
4300703;85138
4300802;85154
4300851;86320
4300877;88862
4300901;85170
4301008;85197
4301073;89028
4301057;85308
4301206;85235
4301107;85219
4301305;85251
4301404;85278
4301503;85294
4301602;85316
4301636;88927
4301859;86363
4301875;88625
4301909;85375
4301925;86380
4301958;86401
4301800;85359
4302006;85391
4301651;86223
4301701;85332
4301750;86347
4302055;88420
4302105;85413
4302154;86428
4302204;85430
4302220;89044
4302238;89060
4302253;88161
4302303;85456
4302352;98230
4302378;86444
4302402;85472
4302451;84921
4302501;85499
4302584;89087
4302600;85510
4302659;85065
4302709;85537
4302907;85570
4303004;85596
4303103;85618
4303202;85634
4303301;85650
4303400;85677
4303509;85693
4303558;85960
4303608;85715
4303673;86460
4303707;85731
4303806;85758
4303905;85774
4304002;85790
4304101;85200
4304200;85812
4304358;86487
4304408;85855
4304507;85871
4304606;85898
4304614;89109
4304689;84891
4304697;86509
4304671;88200
4304622;89125
4304630;89150
4304655;89141
4304663;89737
4304705;85910
4304713;88340
4304804;85936
4304853;86525
4304903;85952
4304952;85880
4305009;85979
4305108;85995
4302808;85553
4305116;86541
4305124;88641
4305132;86088
4305157;85227
4305173;85944
4305207;86010
4305306;86037
4305355;86932
4305371;86568
4305405;86053
4305447;88269
4305439;88846
4305454;85804
4305504;86070
4305587;86584
4305603;86096
4305702;86118
4305801;86134
4305835;89168
4305850;86606
4305871;86622
4305900;86150
4305934;89184
4305959;89770
4305975;86649
4306007;86177
4306056;85464
4306072;88528
4306106;86193
4306130;89206
4306205;86215
4304309;85839
4306304;86231
4306320;86665
4306353;85049
4306379;88188
4306403;86258
4306429;86681
4306452;84824
4306502;86274
4306601;86290
4306551;88463
4306700;86312
4306734;84883
4306759;88307
4306767;86240
4306809;86339
4306908;86355
4306924;86703
4306957;85928
4306932;85103
4306973;85081
4307005;86371
4307054;85022
4307203;86410
4307302;86436
4307401;86452
4307450;88285
4307500;86479
4307559;85286
4307708;86517
4307807;86533
4307815;88404
4307609;86495
4307831;85448
4307864;84930
4307906;86550
4308003;86576
4308052;86029
4308078;88366
4308102;86592
4308201;86614
4308250;88242
4308300;86630
4308409;86657
4308433;89222
4308458;98272
4308508;86673
4308607;86690
4308656;86720
4308706;86711
4308805;86738
4308854;86746
4308904;86770
4309001;86797
4309050;85502
4309100;86819
4309126;86762
4309159;86789
4309209;86835
4309258;84867
4309407;86878
4309506;86894
4309308;86851
4309555;85189
4307104;86398
4309571;88323
4309605;86916
4309654;86800
4309704;86959
4309753;84972
4309803;86975
4309902;86991
4309951;84964
4310009;87017
4310108;87033
4310207;87050
4310306;87076
4310330;85685
4310363;85782
4310405;87092
4310413;86827
4310462;85243
4310439;84999
4310504;87114
4310538;88382
4310553;85901
4310579;86843
4310603;87130
4310652;89249
4310702;87157
4310751;85626
4310801;87173
4310850;84786
4310876;89265
4310900;87190
4311106;87238
4311007;87211
4311122;84905
4311130;88587
4311155;98299
4311205;87254
4311239;89281
4311270;86886
4311304;87270
4311254;85260
4311403;87297
4311429;86860
4311502;87319
4311601;87335
4311627;86908
4311643;86924
4311700;87351
4311734;88943
4311759;86940
4311775;86967
4311791;86983
4311809;87378
4311908;87394
4311981;87009
4312005;87416
4312054;88820
4312104;87432
4312138;87025
4312153;87041
4312179;89303
4312203;87459
4311718;88447
4312252;87068
4312302;87475
4312351;85820
4312377;88803
4312385;87084
4312401;87491
4312427;87106
4312443;87122
4312450;86185
4312476;87149
4312500;87513
4312617;88544
4312625;87165
4312609;87530
4312674;87181
4312708;87572
4312757;86169
4312807;87599
4312906;87610
4312955;87203
4313003;87637
4313011;88226
4313037;85120
4313060;84816
4313102;87653
4313201;87670
4313300;87696
4313086;87220
4313334;88560
4313359;84751
4313375;87246
4313490;87262
4313391;88684
4313409;87718
4313425;87289
4313441;87300
4313466;89320
4312658;87556
4313508;87734
4313607;87750
4313656;89672
4313706;87777
4313805;87793
4313904;87815
4313953;84980
4314001;87831
4314027;85987
4314035;87327
4314050;98256
4314068;88889
4314076;87343
4314100;87858
4314134;89346
4314159;85146
4314175;89567
4314209;87874
4314308;87890
4314407;87912
4314423;87360
4314456;85340
4314464;89362
4314472;87386
4314498;87408
4314506;87939
4314555;84778
4314605;87955
4314704;87971
4314787;87440
4314779;87424
4314902;88013
4315008;88030
4315057;87467
4315073;87483
4315107;88056
4314803;87998
4315131;85421
4314753;86126
4315149;87505
4315156;84760
4315172;85405
4315206;88072
4315305;88099
4315313;89389
4315321;87521
4315354;84875
4315404;88110
4315453;85766
4315503;88137
4315552;87548
4315602;88153
4315701;88170
4315750;85740
4315800;88196
4315909;88218
4315958;89400
4316006;88234
4316105;88250
4316204;88277
4316303;88293
4316402;88315
4316428;87564
4316436;85561
4316451;89753
4316477;87580
4316501;88331
4316600;88358
4316709;88374
4316733;89247
4316758;87602
4316808;88390
4316972;89443
4316907;88412
4316956;86207
4317202;88471
4317251;87629
4317301;88498
4317004;88439
4317103;88455
4317400;88510
4317608;88552
4317707;88579
4317558;87645
4317756;87661
4317806;88595
4317905;88617
4317954;87688
4317509;88536
4319901;88994
4320008;89010
4320107;89036
4320206;89052
4320230;85707
4320263;85529
4320305;89079
4320321;88765
4320354;87882
4320404;89095
4320503;89117
4320552;87920
4320578;88706
4320602;89133
4320651;84956
4320677;87947
4320701;89176
4320800;89192
4318002;88633
4318051;84832
4318101;88650
4318200;88676
4318309;88692
4318408;88714
4318440;84794
4318457;87769
4318465;85588
4318481;85324
4318499;87742
4318507;88730
4318606;88757
4318614;89460
4318622;87726
4318424;84859
4318432;87700
4318705;88773
4318804;88790
4318903;88811
4319000;88838
4319109;88854
4319125;87785
4319158;85480
4319208;88870
4319307;88897
4319356;87807
4319364;89486
4319372;87823
4319406;88919
4319505;88935
4319604;88951
4319703;88978
4319711;87840
4319737;87866
4319752;85383
4319802;86754
4320453;87904
4320859;88722
4320909;89214
4321006;89230
4321105;89257
4321204;89273
4321303;89290
4321329;85669
4321352;89710
4321402;89311
4321436;85162
4321451;98213
4321469;89508
4321477;87963
4321493;88900
4321501;89338
4321600;89354
4321626;87980
4321956;85006
4322004;89435
4321634;84743
4321667;85367
4321709;89370
4321808;89397
4321832;88005
4321857;86142
4321907;89419
4322103;89451
4322152;84840
4322186;88021
4322202;89478
4322251;85723
4322301;89494
4322327;88501
4322343;88609
4322376;88480
4322350;88048
4322400;89516
4322509;89532
4322533;88064
4322541;88080
4322525;88668
4322558;84913
4322608;89559
4322707;89575
4322806;89591
4322855;88781
4322905;89613
4323002;89630
4323101;89656
4323200;89699
4323309;86061
4323358;88749
4323408;85642
4323457;88102
4323507;85600
4323606;85863
4323705;85847
4323754;88129
4323770;89524
4323804;88145
4300059;84948
4301552;84735
1100015;310
1100379;736
1100403;639
1100346;337
1100023;78
1100452;779
1100031;450
1100601;620
1100049;94
1100700;671
1100809;477
1100908;531
1100056;272
1100924;809
1100064;230
1100072;655
1100080;213
1100940;680
1100098;256
1101005;612
1100106;19
1101104;493
1100114;159
1100122;51
1100130;396
1101203;604
1101302;574
1101401;663
1100148;370
1100338;434
1101435;744
1100502;515
1100155;175
1101450;701
1100189;116
1101468;787
1100205;35
1100254;191
1101476;728
1100262;647
1100288;299
1100296;353
1101500;582
1101484;710
1101492;795
1100320;418
1101559;752
1101609;590
1101708;566
1101757;698
1101807;558
1100304;132
1400050;3050
1400027;3042
1400100;3018
1400159;3077
1400175;3069
1400209;3034
1400233;3000
1400282;3026
1400308;3093
1400407;3115
1400456;3123
1400472;3085
1400506;3131
1400605;3158
1400704;3107
4200051;80225
4200101;80012
4200200;80039
4200309;80055
4200705;80136
4200754;81302
4200804;80152
4200903;80179
4201000;80195
4201109;80217
4201208;80233
4201257;80063
4201273;80489
4201307;80250
4201406;80276
4201505;80292
4201604;80314
4201653;80802
4201703;80330
4201802;80357
4201901;80373
4201950;81728
4202057;80683
4202008;80390
4202073;81744
4212809;82511
4202081;81582
4202099;81760
4202107;80411
4202131;81221
4202156;80748
4202206;80438
4202305;80454
4202404;80470
4202438;81280
4202503;83895
4202537;81388
4202578;81469
4202602;80497
4202453;80985
4202701;80519
4202800;80535
4202859;80420
4202875;81787
4202909;80551
4203105;80594
4203154;80667
4203204;80616
4203303;80632
4203402;80659
4203501;80675
4203600;80691
4203709;80713
4203808;80730
4203907;80756
4203956;81027
4203253;81248
4204004;80772
4204103;80799
4203006;80578
4204152;80268
4204178;80381
4204194;81701
4204202;80810
4204251;80306
4204301;80837
4204350;81043
4204400;80853
4204459;81108
4204558;83950
4204509;80870
4204608;80896
4204707;80918
4204756;81620
4204806;80934
4204905;80950
4205001;80977
4205100;80993
4205159;80080
4205175;81426
4205191;81167
4205209;81019
4205308;81035
4205357;81604
4205407;81051
4205431;80888
4205456;81060
4205506;81078
4205555;81329
4205605;81094
4205704;81132
4205803;81159
4205902;81175
4206009;81116
4206207;81213
4206108;81191
4206306;81230
4206405;81256
4206504;81272
4206603;81299
4206652;80527
4206702;81310
4206751;81400
4206801;81337
4206900;81353
4207106;81396
4207205;81418
4207304;81434
4207403;81450
4207502;81477
4207577;81361
4207601;81493
4207650;80020
4207684;80829
4207700;81515
4207759;80187
4207809;81531
4207858;80861
4207908;81558
4208104;81590
4208203;81612
4208302;81639
4208401;81655
4208450;81663
4208500;81671
4208005;81574
4207007;81370
4208609;81698
4208708;81710
4208807;81736
4208906;81752
4208955;81140
4209003;81779
4209102;81795
4209151;80101
4209177;81540
4209201;81817
4209300;81833
4209409;81850
4209458;80586
4209508;81876
4209607;81892
4209706;81914
4209805;81930
4209854;80047
4209904;81957
4210035;81809
4210001;81973
4210050;80900
4210100;81990
4210209;82015
4210308;82031
4210407;83917
4210506;82058
4210555;82066
4210605;82074
4210704;82090
4210803;82112
4210852;80365
4210902;82139
4211009;82155
4211058;80004
4211108;82171
4211207;82198
4211256;81086
4211306;82210
4211405;82236
4211454;80322
4211504;82252
4211603;82279
4211652;80764
4211702;82295
4211751;83976
4211801;82317
4211850;80845
4211876;81442
4211892;81264
4211900;82333
4212007;82350
4212056;81566
4212106;82376
4212205;82392
4212239;80705
4212254;80403
4212270;80624
4212304;82414
4212403;82430
4212502;82457
4212601;82473
4212700;82490
4212908;82538
4213005;82554
4213104;82570
4213153;80543
4213203;82597
4213302;82619
4213351;80926
4213401;82635
4213500;82651
4213609;82678
4213708;82694
4213807;82716
4213906;82732
4214003;82759
4214102;82775
4214151;81647
4214201;82791
4214300;82813
4214409;82830
4214508;82856
4214607;82872
4214805;82910
4214706;82899
4214904;82937
4215000;82953
4215059;80608
4215075;80560
4215109;82970
4215208;82996
4215307;83011
4215356;81523
4215406;83038
4215455;81000
4215505;83054
4215554;80721
4215604;83070
4215653;80241
4215679;80349
4215687;81507
4215695;81205
4215703;83097
4217303;83410
4217402;83437
4217501;83453
4217550;80284
4217600;83470
4217709;83496
4217758;80446
4215802;83119
4215752;81485
4215901;83135
4216008;83151
4216057;80942
4216107;83178
4216206;83194
4216503;83259
4216602;83275
4216701;83291
4216800;83313
4216305;83216
4216354;81124
4216255;80640
4216404;83232
4216909;83330
4217006;83356
4217105;83372
4217154;80780
4217204;83399
4217253;81183
4217808;83518
4217907;83534
4217956;81680
4218004;83550
4218103;83933
4218202;83577
4218251;80209
4218350;81345
4218400;83615
4218509;83631
4218608;83658
4218301;83593
4218707;83674
4218756;83682
4218806;83690
4218855;80144
4218905;83712
4218954;80160
4219002;83739
4219150;80462
4219176;80969
4219101;83755
4219200;83771
4219309;83798
4219358;80128
4219408;83810
4219507;83836
4219606;83852
4219705;83879
4219853;81825
4200408;80071
4200507;80098
4200556;80500
4200606;80110
3500105;61018
3500204;61034
3500303;61050
3500709;61131
3500758;61581
3500808;61158
3500907;61174
3501004;61190
3501103;61212
3501152;61220
3501509;61298
3501608;61310
3501905;61379
3501707;61336
3501806;61352
3502002;61395
3502101;61417
3502200;61433
3502309;61450
3502408;61476
3502507;61492
3502606;61514
3502705;61530
3503000;61590
3503109;61611
3503158;61646
3503208;61638
3503307;61654
3502754;61263
3502804;61557
3502903;61573
3503356;62065
3503406;61670
3503505;61697
3503604;61719
3503703;61735
3503802;61751
3503901;61778
3503950;61522
3504008;61794
3504107;61816
3504206;61832
3504404;61875
3504503;61891
3504305;61859
3504602;61913
3504701;61930
3504909;61972
3505104;61999
3505203;62030
3505302;62057
3505351;61360
3505401;62073
3505500;62090
3505609;62111
3505708;62138
3505005;62014
3505807;62154
3505906;62170
3506003;62197
3506102;62219
3506201;62235
3506300;62251
3506359;61280
3506409;62278
3506508;62294
3506607;62316
3506706;62332
3506805;62359
3506904;62375
3507001;62391
3507100;62413
3507159;61786
3507308;62456
3507407;62472
3507456;61026
3507209;62430
3507506;62499
3507605;62510
3507704;62553
3507753;62081
3507803;62570
3507902;62596
3508009;62618
3508108;62634
3508207;62650
3504800;61956
3508405;62693
3508306;62677
3508603;62731
3508702;62758
3508801;62774
3508900;62790
3509007;62812
3509106;62839
3509205;62855
3509254;61484
3509304;62871
3509403;62898
3509452;61506
3509502;62910
3509601;62936
3509700;62952
3509809;62979
3509908;62995
3509957;62103
3510153;61344
3510302;63070
3510401;63096
3510203;63053
3510500;63118
3510609;63134
3510708;63150
3510807;63177
3511003;63215
3511102;63231
3511201;63258
3508504;62715
3511300;63274
3511409;63290
3511508;63312
3511607;63339
3511706;63355
3557204;63371
3511904;63398
3512001;63410
3512100;63436
3512209;63452
3512308;63479
3512407;63495
3512506;63517
3512605;63533
3512704;63550
3512902;63592
3512803;63576
3513009;63614
3513108;63630
3513207;63657
3513405;63690
3513306;63673
3513504;63711
3513603;63738
3510906;63193
3510005;63010
3510104;63037
3513702;63754
3513801;63770
3513850;61123
3513900;63797
3514007;63819
3514106;63835
3514205;63851
3514304;63878
3514403;63894
3514502;63916
3514601;63932
3514700;63959
3514809;63975
3514908;63991
3514924;61760
3514957;61182
3515004;64017
3515103;64033
3515129;61387
3515152;61689
3515186;68659
3515194;61140
3557303;61662
3515202;64050
3515301;64076
3515350;61000
3515400;64092
3515608;64130
3515509;64114
3515657;62286
3515707;64157
3515806;64173
3515905;64190
3516101;64238
3516002;64211
3516200;64254
3516309;64270
3516408;64297
3516507;64319
3516705;64351
3516804;64378
3516853;62308
3516903;64394
3517000;64416
3517109;64432
3517307;64475
3517208;64459
3517604;64530
3517505;64513
3517802;64599
3518008;64610
3518107;64637
3518206;64653
3518305;64670
3518404;64696
3517901;64572
3518503;64718
3518602;64734
3518701;64750
3518800;64777
3517703;64556
3518859;61107
3517406;64491
3518909;64793
3516606;64335
3519006;64815
3519055;61743
3519071;61727
3519105;64831
3519204;64858
3519253;61085
3519303;64874
3519501;64912
3519402;64890
3519600;64939
3519709;64955
3519808;64971
3519907;64998
3520103;65030
3520202;65056
3520004;65013
3520301;65072
3520426;62006
3520442;61204
3520400;65099
3520509;65110
3520608;65137
3520707;65153
3520806;65170
3520905;65196
3521002;65218
3521101;65234
3521150;62243
3521200;65250
3521309;65277
3521408;65293
3521606;65331
3521507;65315
3521705;65358
3521903;65390
3522000;65412
3522109;65439
3522158;61603
3522208;65455
3522307;65471
3522406;65498
3522505;65510
3522604;65536
3522653;61948
3522802;65579
3523008;65617
3522901;65595
3523107;65633
3523206;65650
3523305;65676
3523404;65692
3523503;65714
3521804;65374
3523602;65730
3523701;65757
3523800;65773
3523909;65790
3524006;65811
3524105;65838
3522703;65552
3524204;65854
3524303;65870
3524402;65897
3524501;65919
3524600;65935
3524709;65951
3524808;65978
3524907;65994
3525003;66010
3525102;66036
3525201;66052
3525300;66079
3525409;66095
3525508;66117
3525706;66150
3525607;66133
3525854;62324
3525904;66192
3526001;66214
3526209;66257
3526100;66230
3525805;66176
3526308;66273
3526407;66290
3526605;66338
3526506;66311
3526704;66354
3526803;66370
3526902;66397
3527009;66419
3527108;66435
3527207;66451
3527256;62022
3527306;66478
3527504;66516
3527405;66494
3527702;66559
3527801;66575
3527900;66591
3527603;66532
3528007;66613
3528106;66630
3528205;66656
3528304;66672
3528403;66699
3528502;66710
3528601;66737
3528700;66753
3528809;66770
3528858;61867
3529104;66834
3528908;66796
3529203;66850
3529005;66818
3529302;66877
3529401;66893
3529500;66915
3529609;66931
3529658;61964
3529708;66958
3529807;66974
3530003;67016
3529906;66990
3530102;67032
3530201;67059
3530300;67075
3530409;67091
3530508;67113
3530607;67130
3530706;67156
3530805;67172
3530904;67199
3531100;67237
3531209;67253
3531308;67270
3531407;67296
3531506;67318
3531605;67334
3531803;67377
3531704;67350
3531001;67210
3531902;67393
3532009;67415
3532058;61069
3532108;67431
3532157;62340
3532207;67458
3532306;67474
3532405;67490
3532504;67512
3532603;67539
3532702;67555
3532801;67571
3532827;61980
3532843;61425
3532868;62367
3532900;67598
3533007;67610
3533106;67636
3533205;67652
3533304;67679
3533403;67695
3533254;61409
3533502;67717
3533601;67733
3533700;67750
3533908;67792
3534005;67814
3534104;67830
3534203;67857
3534302;67873
3534401;67890
3534500;67911
3534609;67938
3534708;67954
3534807;67970
3534757;62383
3534906;67997
3535002;68012
3535101;68039
3535200;68055
3535309;68071
3535408;68098
3535507;68110
3535606;68136
3535804;68179
3535903;68195
3536000;68217
3535705;68152
3536109;68233
3536208;68250
3536257;61824
3536307;68276
3536406;68292
3536570;62405
3536604;68330
3536505;68314
3536703;68357
3536802;68373
3536901;68390
3537008;68411
3537107;68438
3537156;61247
3537206;68454
3537305;68470
3537404;68497
3537503;68519
3537602;68535
3537701;68551
3537800;68578
3537909;68594
3538006;68616
3538105;68632
3538204;68675
3538303;68691
3538501;68713
3538600;68730
3538709;68756
3538808;68772
3538907;68799
3539004;68810
3539103;68837
3539202;68853
3539301;68870
3539400;68896
3539509;68918
3539608;68934
3539707;68950
3539905;68993
3540002;69019
3540101;69035
3540200;69051
3540259;61808
3540309;69078
3540408;69094
3540507;69116
3540606;69132
3540705;69159
3540754;61565
3540804;69175
3539806;68977
3540853;62120
3540903;69191
3541000;69213
3541059;62146
3541109;69230
3541208;69256
3541307;69272
3541406;69299
3541505;69310
3541604;69337
3541653;62162
3541703;69353
3541802;69370
3541901;69396
3542008;69418
3542107;69434
3542206;69450
3542305;69477
3542404;69493
3542503;69515
3542602;69531
3542701;69558
3542800;69574
3542909;69590
3543006;69612
3543105;69639
3543204;69655
3543238;62421
3543253;61700
3543303;69671
3543402;69698
3543600;69736
3543709;69752
3543808;69779
3543907;69795
3544004;69817
3544103;69833
3544202;69850
3543501;69710
3544251;61166
3544301;69876
3544509;69914
3544400;69892
3544608;69930
3544707;69957
3544806;69973
3544905;69990
3545001;70017
3545100;70033
3545159;61441
3545209;70050
3545308;70076
3545407;70092
3545506;70114
3545605;70130
3545704;70157
3546009;70211
3545803;70173
3546108;70238
3546207;70254
3546256;62189
3546306;70270
3546405;70297
3546504;70319
3546603;70335
3546702;70351
3546801;70378
3546900;70394
3547007;70416
3547106;70432
3547403;70491
3547502;70513
3547601;70530
3547650;62200
3547205;70459
3547304;70475
3547700;70556
3547809;70572
3547908;70599
3548005;70610
3548054;61328
3548104;70637
3548203;70653
3548302;70670
3548500;70718
3548401;70696
3551108;71234
3551207;71250
3551306;71277
3551405;71293
3551603;71331
3551504;71315
3551702;71358
3551801;71374
3551900;71390
3552007;71412
3552106;71439
3552205;71455
3552304;71471
3552403;71498
3552502;71510
3552551;61301
3548609;70734
3548708;70750
3548807;70777
3548906;70793
3549003;70815
3549409;70890
3549508;70912
3549607;70939
3549706;70955
3549805;70971
3549904;70998
3549102;70831
3549201;70858
3549250;61883
3549300;70874
3549953;61905
3550001;71013
3550100;71030
3550209;71056
3550308;71072
3550407;71099
3550506;71110
3550605;71137
3550704;71153
3550803;71170
3550902;71196
3551009;71218
3552601;71536
3552700;71552
3552809;71579
3552908;71595
3553005;71617
3553104;71633
3553203;71650
3553302;71676
3553401;71692
3553609;71730
3553500;71714
3553658;62260
3553708;71757
3553807;71773
3553856;61840
3553906;71790
3553955;61042
3554003;71811
3554102;71838
3554201;71854
3554300;71870
3554409;71897
3554508;71919
3554607;71935
3554656;62049
3554706;71951
3554755;62448
3554805;71978
3554904;71994
3554953;61620
3555109;72036
3555000;72010
3555208;72052
3555307;72079
3555356;61468
3555406;72095
3555505;72117
3555604;72133
3555703;72150
3555901;72192
3556008;72214
3555802;72176
3556107;72230
3556206;72257
3556305;72273
3556354;61549
3556404;72311
3556453;72737
3556602;72354
3556701;72370
3556800;72397
3556909;72419
3556958;62227
3557006;72435
3557105;72451
3556503;72338
3557154;61921
3500402;61077
3500501;61093
3500550;70190
3500600;61115
3501202;61239
3501301;61255
3501400;61271
3533809;67776
2800100;31011
2800209;31038
2800308;31054
2800407;31070
2800506;31097
2800605;31119
2800670;31151
2800704;31135
2801009;31194
2801108;31216
2801207;31232
2801306;31259
2801405;31275
2801504;31291
2801603;31313
2801702;31330
2801900;31372
2802007;31399
2802106;31410
2802205;31437
2802304;31453
2802403;31496
2802502;31470
2802601;31518
2802700;31534
2802809;31550
2802908;31577
2803005;31593
2803104;31615
2803203;31631
2803302;31658
2803401;31674
2803500;31690
2803609;31712
2803708;31739
2803807;31755
2803906;31771
2804003;31798
2804102;31810
2804201;31836
2804300;31852
2804409;31879
2804458;31356
2804508;31895
2804607;31917
2804706;31933
2804805;31950
2804904;31976
2805000;31992
2805109;32018
2805208;32034
2805307;32050
2805604;32115
2805406;32077
2805505;32093
2805703;32131
2805901;32174
2805802;32158
2806008;32190
2806107;32212
2806206;32239
2806305;32255
2806503;32298
2806404;31003
2806602;32310
2807105;32417
2807204;32433
2806701;32336
2806800;32352
2806909;32379
2807006;32395
2807303;32450
2807402;32476
2807501;32492
2807600;32514
1700251;73008
1700301;73512
1700350;96954
1700400;92070
1700707;92134
1701002;92193
1701051;73075
1701101;96970
1701309;73334
1701903;92371
1702158;73318
1702208;92436
1702000;92398
1702109;92410
1702307;92452
1702406;92479
1702554;96857
1702703;92533
1702901;92576
1703008;92592
1703057;73580
1703073;73610
1703107;96997
1703206;92002
1703305;73121
1703602;73245
1703701;92738
1703800;92045
1703826;73067
1703842;73091
1703867;73300
1703883;73326
1703891;73423
1703909;92088
1704105;73210
1705102;73482
1704600;73474
1705508;93114
1716703;95290
1705557;92142
1705607;93130
1706001;93211
1706100;93238
1706258;73555
1706506;73032
1707009;93416
1707108;92185
1707207;93459
1707306;93475
1707405;73296
1707652;96679
1707702;93556
1708205;93653
1708254;73199
1707553;96830
1708304;92240
1709005;95338
1709302;96270
1709500;93858
1709807;73598
1710508;94056
1710706;94099
1710904;73202
1711100;94170
1711506;73369
1711803;73253
1711902;73385
1711951;73113
1712009;73407
1712157;73601
1712405;95699
1712454;73520
1712504;92304
1712702;73270
1712801;73059
1713205;94617
1713304;94633
1713601;94692
1713700;73563
1713957;73342
1714203;94811
1714302;94838
1714880;96636
1715002;92401
1715101;94994
1715150;73148
1715259;73172
1715507;73466
1721000;73440
1715705;73083
1713809;73040
1715754;96490
1716208;95214
1716109;95192
1716307;73261
1716505;95257
1716604;95273
1716653;92487
1717008;95370
1717206;73016
1717503;95478
1717800;95516
1717909;95532
1718006;92509
1718204;95591
1718303;92525
1718402;96296
1718451;73571
1718501;73229
1718550;73024
1718659;73431
1718709;73415
1718758;96792
1718808;92541
1718840;73156
1718865;73350
1718881;73130
1718899;73547
1718907;92584
1719004;92606
1720002;73539
1720655;96598
1720853;73377
1720101;73288
1720150;73105
1720200;73180
1720259;73393
1720309;96032
1720499;92681
1720804;96130
1720903;96156
1720937;73164
1720978;73504
1721208;96210
1721109;96199
1721257;73458
1721307;73237
1722081;96652
1722107;96431
150475;4863
290170;33090
510452;91081
500627;55050
510710;89931
260545;30015
530010;97012
220672;12726
292450;37915
500390;55069
220095;12734
510454;91103
